{
    "fluency": {
        "BAGEL.csv": {
            "GPTScore": 0.15226573309401953,
            "BARTScore": 0.2406628557175005,
            "UniEval_COH": 0.28205303760255446,
            "UniEval_all": 0.30858356509783424,
            "BERTScore": 0.24751234036673267,
            "MoverScore": 0.18764021481375334,
            "Rouge-1": 0.11740854182722657,
            "Rouge-2": 0.15402556685404786,
            "Meteor": 0.10944999092648897,
            "Bleu": 0.14176293951578045
        },
        "Newsroom.csv": {
            "GPTScore": 0.5649392843366718,
            "BARTScore": 0.5963009342511186,
            "UniEval_COH": 0.48611187066849953,
            "UniEval_all": 0.5157640092246609,
            "BERTScore": 0.18164220592900263,
            "MoverScore": -0.001632802581401897,
            "Rouge-1": 0.03808443233973177,
            "Rouge-2": -0.08790877459411783,
            "Meteor": 0.14177546672472965,
            "Bleu": 0.19487928911293356
        },
        "SFHOT.csv": {
            "GPTScore": 0.1349661628536634,
            "BARTScore": 0.16358886335719694,
            "UniEval_COH": 0.13805676724289517,
            "UniEval_all": 0.323592281441144,
            "BERTScore": 0.1635293408709416,
            "MoverScore": 0.1551331655462044,
            "Rouge-1": 0.03876300759824146,
            "Rouge-2": 0.04333812661927137,
            "Meteor": 0.014714752500923328,
            "Bleu": -0.011598547897426242
        },
        "SFRES.csv": {
            "GPTScore": 0.2285375662863524,
            "BARTScore": 0.22571917925222545,
            "UniEval_COH": 0.1534147039694144,
            "UniEval_all": 0.3229935910986521,
            "BERTScore": 0.18378707679413353,
            "MoverScore": 0.15465694593083348,
            "Rouge-1": 0.07979930662826597,
            "Rouge-2": 0.08259558907692972,
            "Meteor": 0.14318136068523912,
            "Bleu": -0.05534461679685287
        },
        "SummEval.csv": {
            "GPTScore": 0.28846986771093,
            "BARTScore": 0.2845264406940739,
            "UniEval_COH": 0.3457092086144479,
            "UniEval_all": 0.433569247868926,
            "BERTScore": 0.19350845000948708,
            "MoverScore": 0.12219192646314848,
            "Rouge-1": 0.05745764295763354,
            "Rouge-2": 0.04318571587854261,
            "Meteor": 0.09040382936143503,
            "Bleu": 0.009878559718471883
        },
        "usr_persona_mean.csv": {
            "GPTScore": -0.03013582993188931,
            "BARTScore": 0.0337071933891842,
            "UniEval_COH": 0.3616248666923576,
            "UniEval_all": 0.36726734596040655,
            "BERTScore": 0.32208320715028194,
            "MoverScore": 0.11406363505186635,
            "Rouge-1": 0.013871232820051071,
            "Rouge-2": 0.05453662002895054,
            "Meteor": 0.05348765404335474,
            "Bleu": -0.07251820263413328
        },
        "usr_topic_mean.csv": {
            "GPTScore": 0.08741933748040605,
            "BARTScore": 0.02656993177838867,
            "UniEval_COH": 0.4249353211102196,
            "UniEval_all": 0.3946803520797058,
            "BERTScore": 0.29246027050425244,
            "MoverScore": 0.14917924630444127,
            "Rouge-1": 0.11754092315838595,
            "Rouge-2": 0.14557043527652871,
            "Meteor": 0.2064644294493807,
            "Bleu": 0.04084067092075634
        },
        "webnlg.csv": {
            "GPTScore": 0.07186694664231645,
            "BARTScore": 0.330499815434963,
            "UniEval_COH": 0.48019047660044895,
            "UniEval_all": 0.5651140323020304,
            "BERTScore": 0.49928006929732527,
            "MoverScore": 0.42882494121238485,
            "Rouge-1": 0.2627576015483032,
            "Rouge-2": 0.27853185288161525,
            "Meteor": 0.3316233483705551,
            "Bleu": -0.0717373223701032
        }
    },
    "coherence": {
        "Newsroom.csv": {
            "GPTScore": 0.5953029524594675,
            "BARTScore": 0.6229352957318569,
            "UniEval_COH": 0.4581285925866393,
            "UniEval_all": 0.4864944706799781,
            "BERTScore": 0.22060549320024037,
            "MoverScore": 0.027361331765834915,
            "Rouge-1": 0.06922457256710894,
            "Rouge-2": -0.07319427148577841,
            "Meteor": 0.18096253304209764,
            "Bleu": 0.22919860417084967
        },
        "SummEval.csv": {
            "GPTScore": 0.41244468688120345,
            "BARTScore": 0.40774867046230034,
            "UniEval_COH": 0.5918103119993195,
            "UniEval_all": 0.5380727298228339,
            "BERTScore": 0.3331269300480893,
            "MoverScore": 0.15432722997950005,
            "Rouge-1": 0.18020644758952173,
            "Rouge-2": 0.1531553851751766,
            "Meteor": 0.1344249818252241,
            "Bleu": 0.06532052160932343
        },
        "usr_persona_mean.csv": {
            "GPTScore": 0.0463116596337722,
            "BARTScore": 0.005542268437284099,
            "UniEval_COH": 0.22138913305474542,
            "UniEval_all": 0.1851842059576457,
            "BERTScore": 0.2599334455536839,
            "MoverScore": 0.21847821413146054,
            "Rouge-1": 0.07079797715153155,
            "Rouge-2": 0.04972446724287222,
            "Meteor": 0.18011245657041555,
            "Bleu": -0.06501933481949547
        },
        "usr_topic_mean.csv": {
            "GPTScore": 0.07206048171892111,
            "BARTScore": 0.045976225305318294,
            "UniEval_COH": 0.38018491466883014,
            "UniEval_all": 0.2955569101013108,
            "BERTScore": 0.30850970480489476,
            "MoverScore": 0.2271017618464139,
            "Rouge-1": 0.1916987626212816,
            "Rouge-2": 0.17192937517852108,
            "Meteor": 0.27994607419207646,
            "Bleu": 0.07243877987608183
        }
    },
    "consistency": {
        "QAGS_CNN.csv": {
            "GPTScore": 0.5827229673113852,
            "BARTScore": 0.6802926519816688,
            "UniEval_COH": 0.5747114256814787,
            "UniEval_all": 0.6330290990176493,
            "BERTScore": 0.5073204281092073,
            "MoverScore": 0.3525297961891702,
            "Rouge-1": 0.36099843207200727,
            "Rouge-2": 0.4182935226638168,
            "Meteor": 0.3257066815776824,
            "Bleu": 0.2512716157658835
        },
        "QAGS_XSUM.csv": {
            "GPTScore": 0.0811785128648208,
            "BARTScore": 0.15895941981003772,
            "UniEval_COH": 0.3685188992084616,
            "UniEval_all": 0.343643570154219,
            "BERTScore": -0.05739527142759378,
            "MoverScore": -0.02062832165473772,
            "Rouge-1": 0.011527599112623627,
            "Rouge-2": 0.12862365267071757,
            "Meteor": -0.01504654050110281,
            "Bleu": 0.18016261231991892
        },
        "SFHOT.csv": {
            "GPTScore": 0.21889040879871496,
            "BARTScore": 0.22223037047406183,
            "UniEval_COH": 0.18488857392789912,
            "UniEval_all": 0.27044100655198744,
            "BERTScore": 0.22053997608120893,
            "MoverScore": 0.20063714531096602,
            "Rouge-1": 0.10210486680909116,
            "Rouge-2": 0.08925078774388183,
            "Meteor": 0.06913904935030064,
            "Bleu": -0.06585906005724226
        },
        "SFRES.csv": {
            "GPTScore": 0.2710261436584351,
            "BARTScore": 0.2535052567279331,
            "UniEval_COH": 0.23801059689115484,
            "UniEval_all": 0.2829724633874371,
            "BERTScore": 0.1847127827293991,
            "MoverScore": 0.17246517581595652,
            "Rouge-1": 0.11643020424808266,
            "Rouge-2": 0.11016830783868366,
            "Meteor": 0.17515993725746531,
            "Bleu": -0.039485216043777145
        },
        "SummEval.csv": {
            "GPTScore": 0.3547440309370872,
            "BARTScore": 0.3339253048084403,